Väite,Dia/osio,Todiste,Lähde,Päivämäärä,Laskentatapa,Oletukset,Luottamustaso,Puutteet / tarvittava lisänäyttö
Julkisen rekisteriaineiston mukaan patentin kirjattu haltija on Pixan Oy.,IP-status,EPO:n päätietueessa kirjattu haltija: Pixan Oy.,https://register.epo.org/application?number=EP14836345&lng=en&tab=main,2026-07-24,Suora rekisterihavainto.,Kirjaus vastaa tarkastelupäivän julkista tietuetta.,Vahvistettu,"Täydellinen omistusketju, siirtokirjat ja rasitteet on tarkastettava erikseen."
Patenttiperheen varhaisin prioriteetti on FI20135829 päivältä 2013-08-14.,IP-status,EPO-tietue: FI20135829 · PCT/FI2014/050624 · WO2015022448 · EP3032975.,https://register.epo.org/application?number=EP14836345&lng=en&tab=main ; https://register.epo.org/application?number=EP14836345&lng=en&tab=family,2013-08-14,Suora rekisterihavainto.,Ei oletuksia.,Vahvistettu,Ei olennaista puutetta prioriteettiväitteen osalta.
EPO:n keskitetty väite- ja valitusmenettely päättyi patentin pysyttämiseen muutettuna.,IP-status,"Nicoventures Trading Limited teki väitteen 28.2.2020. Suullinen käsittely pidettiin heinäkuussa 2021, välipäätös annettiin elokuussa 2021, ja Pixanin valitus T1818/21 tehtiin lokakuussa 2021 ja peruttiin 11.12.2023. Muutettu yhdeksän vaatimuksen B2-julkaisu julkaistiin 24.4.2024.",https://register.epo.org/application?number=EP14836345&lng=en&tab=event ; https://register.epo.org/application?number=EP14836345&lng=en&tab=doclist ; https://data.epo.org/publication-server/rest/v1.2/patents/EP3032975NWB1/document.pdf ; https://data.epo.org/publication-server/rest/v1.2/patents/EP3032975NWB2/document.pdf,2024-04-24,Virallisten EPO-tapahtumien ja B2-julkaisun ristiintarkastus.,Kansallinen voimassaolo käsitellään erikseen.,Vahvistettu,Kunkin kansallisen oikeuden nykytila on vahvistettava kansallisesta rekisteristä.
Muutetussa EP3032975B2-julkaisussa on yhdeksän vaatimusta.,Patentoitu ratkaisu,"Myönnetty B1-julkaisu sisälsi 13 vaatimusta. Muutettu B2-julkaisu sisältää 9 vaatimusta, joissa kuvataan muun muassa ohjain ja menetelmä, joissa käytetään tallennettuja resistanssi–tehoarvoja, mitataan resistanssi, sovelletaan ei-suoraan-verrannollista tehosuhdetta ja sallitaan käyttäjäsäätö nollasta poikkeavan minimin ja tallennetun maksimin välillä. Tämä on yleiskielinen tiivistelmä, ei patenttivaatimusten oikeudellinen tulkinta.",https://data.epo.org/publication-server/rest/v1.2/patents/EP3032975NWB2/document.pdf,2024-04-24,B2-julkaisun vaatimusten lukumäärä.,Yleiskielinen tiivistelmä ei ole claim construction.,Vahvistettu,Maakohtainen asiantuntijan vaatimusvertailu tarvitaan kaupallisiin tai oikeudellisiin johtopäätöksiin.
Patenttiperheessä on 22 julkaisupohjaista tietuetta.,Maantieteellinen kattavuus,Julkisen patenttihistoriadatan familyRecordCount = 22.,https://register.epo.org/application?number=EP14836345&lng=en&tab=family,2026-07-24,EPO-perhejulkaisujen lukumäärä; ei voimassa olevien oikeuksien lukumäärä.,Julkaisutietue rinnastetaan vain perhereitiksi.,Tuettu,"Vahvista omistus, maksut, käytettävät vaatimukset ja voimassaolo jokaisessa maassa."
Saksan virallinen tapahtuma: Mitätöintikanne hylättiin; valitus vireillä (14.1.2026).,Oikeudellinen näyttö,Virallinen tuomio hylkäsi EP3032975B2:n Saksan osaa koskevan mitättömyyskanteen. Virallinen rekisteri mainitsee valituksen liittovaltion ylimpään tuomioistuimeen asianumerolla X ZR 21/26.,https://www.rechtsprechung-im-internet.de/jportal/?quelle=jlink&docid=JURE269032275&psml=bsjrsprod.psml,2026-01-14,Virallisen ratkaisun ja valitusviitteen lukeminen.,Maantieteellinen ja prosessuaalinen rajaus: Saksa. Ei lainvoimainen BGH-valituksen ollessa vireillä.,Vahvistettu,"Seuraa muutoksenhakua X ZR 21/26, sen lopputulosta, täytäntöönpanoa ja mahdollisia maksettuja korvauksia."
Saksan virallinen tapahtuma koski vaatimuksia 1 ja 6: Tarkasteltujen tuotteiden todettiin loukkaavan patenttia.,Oikeudellinen näyttö,Virallinen tuomio katsoi tarkasteltujen tuotteiden loukkaavan vaatimuksia 1 ja 6 välittömästi ja täydentävien osien osalta välillisesti sekä määräsi tuomiossa luetellut oikeusseuraamukset.,https://www.gesetze-bayern.de/Content/Document/Y-300-Z-BECKRS-B-2026-N-14206,2026-04-02,Virallisen tuomion rajattu kuvaus.,"Maantieteellinen ja prosessuaalinen rajaus: Saksa. Virallinen tuomio on saatavilla; valitustilaa, lainvoimaisuutta ja täytäntöönpanoa ei ole tässä julkaisussa riippumattomasti vahvistettu.",Vahvistettu,"Vahvista valitustila, lainvoimaisuus, täytäntöönpano ja maksetut korvaukset."
Kiinan tunnistettu menettely: Kiinan hakijapuolen uudelleentarkastus tunnistettu; perusteluja ei saatu.,Oikeudellinen näyttö,"RPX merkitsee asian Kiinan patenttien uudelleentarkastuslautakunnan Review Request -menettelyksi. Reitti koskee hylätyn hakemuksen uudelleentarkastusta; kyse ei ole loukkaustuomiosta tai vastapuolen mitätöintiasiasta. Hakijan nimi esitetään muodossa Pixon Limited / 皮克森有限公司 ja vastaa vahvasti Pixanin kiinankielistä nimiversiota, mutta virallista päätöstä ei saatu haettua. CN105764365B julkaistiin myöhemmin myönnettynä 4.5.2021.",https://litigation.rpxcorp.com/china/prb/5153434-picsen-company-v-pixan-oy-of-365 ; https://www.cnipa.gov.cn/art/2020/6/5/art_1517_92474.html ; https://register.epo.org/application?number=EP14836345&lng=en&tab=family,2020-08-24,Sekundäärisen docket-tiedon luokittelu virallisen prosessiohjeen avulla.,Nimivastaavuus on vahva mutta virallista päätöstä ei saatu.,Tuettu,Hanki CNIPA:n virallinen päätös ja sen perustelut.
Julkinen avoin maapohja sisältää 578 havaittua World Bank -lukua; siinä on 0 sähkötupakkavähittäismyyntihavaintoa.,Markkinan rajaus,"Väestö ja ikäryhmä 15–64 vuotta kattavat kumpikin 194/195 maata. BKT asukasta kohti kattaa 190/195 maata, ja kaikille 190 havainnolle on laskettu saman lähdevuoden EKP-kurssilla EUR-vasta-arvo. WHO- ja UN Comtrade -reitit ovat 195/195 jonossa ja puuttuvina, eivät nollina; vähittäismyyntiin kelpaavia havaintoja on 0.",site/data/global-base-layer.json ; site/data/global-base-layer.csv ; https://datahelpdesk.worldbank.org/knowledgebase/articles/898581-api-basic-call-structures ; https://www.un.org/en/about-us/member-states ; https://www.un.org/en/about-us/non-member-states,2026-07-27,Kustakin World Bank -sarjasta valitaan uusin ei-tyhjä havainto vuosilta 2020–2024 ja alkuperäinen lähdevuosi säilytetään. USD/asukas jaetaan vain saman lähdevuoden EKP-kurssilla.,"Väestö, BKT, käyttäjäprevalenssi ja kauppavirrat ovat tausta- tai proxymittareita, eivät sähkötupakkamyynnin arvoja.",Vahvistettu,"Maakohtaiset vuosittaiset laite- ja e-nestemyyntiarvot, WHO-reitin numeerinen poiminta ja UN Comtrade -luokituksen validointi puuttuvat."
"195 maan menetelmäkontrolli erottaa 28 tarkistettua maasuunnitelmaa, 0 tarkistettua lähdepolkua, 15 alueellista EU TPD -raportointimallia ja 152 maakohtaisesti rajaamatonta proxy-reittiä.",Markkinan rajaus,"Jokaisella maalla on näkyvä menetelmäluokka, seuraava evidenssitoimi ja lähdeperusta. Luokitus ei ole myyntihavainto: kaikilla 195 maalla eligibleForGlobalRollup=false ja donorAccepted=false.",site/data/global-base-layer.json ; source/country-method-route-config.json ; source/COUNTRY_METHOD_ROUTE_MAP.md ; source/FIVE_COUNTRY_METHOD_SPRINT_2026-07-27.md,2026-07-27,195 = 28 reviewed_method_plan + 0 reviewed_source_lead + 15 regional_tpd_pattern_only + 152 proxy_only_unscoped.,"Vain 28 maalla on tarkistettu maakohtainen menetelmäsuunnitelma. Viisi tässä sprintissä tarkistettua lähdepolkua siirrettiin maasuunnitelmiksi vasta, kun virallinen haltija, kentät, kaava ja rajoitteet oli dokumentoitu. Luokitus ei osoita kansallista myyntisarjaa; 152 reittiä vaatii maakohtaisen rajauksen.",Vahvistettu,"Yksikään menetelmäluokka ei korvaa vuosittaista laite- ja e-nestemyynnin arvoa, veroperustaa, kanavapeittoa tai D1–D10-hyväksyntää."
Itävallalla on tarkistettu vuosittaiseen lakisääteiseen myyntiraportointiin ja sähkönestevalmisteveroon perustuva menetelmäsuunnitelma; vähittäismarkkina-arvoa ei ole laskettu.,Markkinakoko / Itävalta,Virallinen reitti edellyttää edellisen vuoden vuosivolyymien raportointia ja vahvistaa sähkönestevalmisteveron alkavan 2026-04-01 tasolla EUR 200 litralta.,source/FIVE_COUNTRY_METHOD_SPRINT_2026-07-27.md (Austria),2026-07-27,Verolliset litrat = sähkönestekohtainen nettovero / sovellettava EUR 200 litralta 2026-04-01 alkavalla jaksolla.,"Sekajaksot erotellaan; vuosiraportointi ja veroinversio ovat vaihtoehtoisia sovitusreittejä, eivät yhteenlaskettavia.",Vahvistettu,"Kansallista vuosikoostetta, hintasarjaa, kattavuutta ja vähittäismyynnin sovitusta ei ole saatu; retailValueStatus on not_computed."
Belgian virallinen osavuosiveroluku tuottaa vain pyöristetyn 9 kuukauden verovolyymi-indikaattorin; se ei ole koko vuoden myynti eikä vähittäismarkkina-arvo.,Markkinakoko / Belgia,"Virallinen arviolta EUR 12 500 000 ja verokanta EUR 0,15 per ml vastaavat arviolta 83 333 333 ml eli 83 333 litraa.",source/FIVE_COUNTRY_METHOD_SPRINT_2026-07-27.md (Belgium),2026-07-27,"EUR 12 500 000 / EUR 0,15 per ml = arviolta 83 333 333 ml ≈ 83 333 litraa.","Luku koskee 9 kuukauden jaksoa; varastointi, rajakauppa ja maksujen ajoitus voivat vääristää tulkintaa.",Tuettu,"Nettoveronalaisia luovutuksia, koko vuotta, kuluttajamyyntiä, hintaa ja kanavakattavuutta ei ole vahvistettu; 9 kuukauden indikaattoria ei hyväksytä donoriksi."
Sveitsillä on 2024-10-01 alkanut kahden verokannan menetelmäreitti; vähittäismarkkina-arvoa ei ole laskettu.,Markkinakoko / Sveitsi,"Virallinen reitti erottaa kertakäyttötuotteiden CHF 1,00 per ml ja uudelleenkäytettävien nikotiinituotteiden CHF 0,20 per ml; ensimmäinen jakso on 2024-10-01–2024-12-31.",source/FIVE_COUNTRY_METHOD_SPRINT_2026-07-27.md (Switzerland),2026-07-27,"Kertakäyttötuotteiden verollinen ml = luokan nettovero / CHF 1,00; uudelleenkäytettävien nikotiinituotteiden verollinen ml = luokan nettovero / CHF 0,20; litrat = ml / 1 000.",Veroluokat on toimitettava erillään eikä yhdistetylle verolle ole yksikäsitteistä volyymiratkaisua.,Vahvistettu,"Luokkakohtaiset nettoverot tai millilitrat, oikaisut, nikotiinittomat täyttönesteet, hinnat ja kuluttajamyynti puuttuvat; retailValueStatus on not_computed."
"Luxemburgilla on 2024-10-01 alkanut valmistevero- ja veromerkkimenetelmä, mutta virallinen vastaus vahvistaa, ettei pyydettyjä kulutukseen luovutettuja määriä, verotuottoa tai kategoriatilastoja ole saatavilla; vähittäismarkkina-arvoa ei ole laskettu.",Markkinakoko / Luxemburg,"Viranomainen ei toimittanut volyymi- tai verotuottosarjaa eikä erottele pyydettyjä tuotekategorioita. Se osoitti virallisen rekisteröityjen vähittäishintojen listan, joka on vain hinta- ja veromerkkireferenssi.",https://douanes.public.lu/dam-assets/fr/accises/signes-fiscaux/2024/s48/bareme-e-liquide-s48.pdf ; source/FIVE_COUNTRY_METHOD_SPRINT_2026-07-27.md (Luxembourg),2026-07-29,Ei laskentaa: hintalistaa ei kerrota vahvistamattomalla pakkausmäärällä eikä verokantaa käännetä volyymiksi ilman nettoverotuottoa.,"Puuttuvaa viranomaiskoostetta ei käsitellä nollana. Hintalista ei osoita myyntiä, volyymia, kulutukseen luovutusta tai kuluttajakysyntää.",Vahvistettu,"Vuosittaiset veronalaiset millilitrat, verotuotto, veromerkkien pakkausmäärät, laitemäärät, sell-through ja kauden lopullisuus puuttuvat; retailValueStatus on not_computed."
"Norjalla ei ole nykyistä Article 20(7) -vuosimyyntireittiä; vuoden 2026 NOK 5,38 per ml oleva lakisääteinen verokanta ei ole käytännössä voimassa eikä osoita markkina-arvoa.",Markkinakoko / Norja,"Virallinen ohje kieltää nikotiinituotteiden kaupallisen tuonnin ja myynnin, eikä uutta TPD-reittiä sovelleta; SSB:n ulkomaankauppatiedot ovat vain tulliproxy.",source/FIVE_COUNTRY_METHOD_SPRINT_2026-07-27.md (Norway),2026-07-27,"Veroinversio sallitaan vain, jos käytännössä voimassa olevat luokkakohtaiset nettotulot saadaan; tulliproxy ei muutu kansalliseksi kuluttajamyynniksi.","Kielto, lakisääteinen verokanta tai puuttuva tietue ei osoita markkinan puuttumista.",Vahvistettu,"Nikotiinittomien tuotteiden kuluttajamyynti, millilitrat, hinnat, kotimainen tuotanto, varastot, jälleenvienti ja laittomat kanavat puuttuvat; retailValueStatus on not_computed."
"Italian ADM:n PLI-tuotteiden kulutusverotuotto oli 55 910 871,89 EUR vuonna 2023 ja 84 309 841,41 EUR vuonna 2024; kyse ei ole vähittäismarkkina-arvosta.",Markkinakoko / Italia,"ADM:n Libro Blu 2024 -raportin taulukko III.9 näyttää 50,79 prosentin verotuottomuutoksen. Vuonna 2024 verotus laajeni myös PLI-tuotteisiin tarkoitettuihin aromeihin ja verotukseen kohdistui muutoksia, joten prosenttia ei tulkita myynti- tai volyymikasvuksi.",https://www.adm.gov.it/portale/documents/20182/261920520/Libro+blu+2024+-+Relazione.pdf/e46989ce-b39f-a404-3b4b-2af3196cba43 ; source/ITALY_ADM_RESPONSE_BOUNDARY_2026-07-24.md,2026-07-28,"Suora taulukkotoisto: 55 910 871,89 EUR vuonna 2023; 84 309 841,41 EUR vuonna 2024; ilmoitettu muutos 50,79 prosenttia.","Verotuotto on fiskaalinen mittari. Sitä ei käännetä litroiksi tai vähittäisarvoksi ilman erillisiä verokantoja, luokkia, oikaisuja ja samaa rajausta.",Vahvistettu,"Nikotiini- ja nikotiiniton jako, litrat, laitteet, kuluttajahinta, palautukset, maksujen ajoitus ja rajaukseltaan vertailukelpoinen sarja puuttuvat; Italia ei ole donor."
Julkinen markkina-aineisto sisältää 156 havaintoa 47 lähteestä; 134 virallista havaintoa jakautuvat 98 markkinamittariin ja 36 Ruotsin FHM-rekisterirakenteen lukuun.,Markkinakoko,"Markkinamittarit kattavat Kanadan, Saksan, Suomen, Uuden-Seelannin, Puolan, Ruotsin ja Yhdysvallat. FHM-luvut kuvaavat vuosien 2018–2026 raportoivia toimijoita sekä ilmoitettuja, aktiivisia ja markkinoilta poistettuja tuotteita; ne eivät ole myyntiä tai markkina-arvoa.",site/data/market-values.json (julkisen sivuston koneellisesti luettava lähdetiedosto),2026-07-27,156 = 120 markkina- ja mallihavaintoa + 36 FHM-rakennelukua; 134 virallista = 98 markkinamittaria + 36 rakennelukua. Luokat pidetään erillään eikä niitä summata markkinaksi.,"Vuosien 2018–2025 luvut ovat viranomaisen vuosilabeleita, eivät oletettuja kalenterivuoden virtoja tai vuoden lopun tilannekuvia. Vuosi 2026 on tarkistushetken tilannekuva, ei valmis vuosijakso. Virallinen lähde ei tee eri mittareista yhteismitallisia.",Vahvistettu,Lisämaista tarvitaan yhteismitalliset vuotuiset laite- ja nestemäisen kuluttajavähittäisarvon sarjat.
Hyväksyttyjä virallisia koko vuoden kansallisia kuluttajavähittäisarvon luovuttajamarkkinoita on nolla.,Markkinakoko,comparableFullYearMarketValueDonors = 0. Viisi ehdokasta on julkaistu samaa kymmenen ehdon protokollaa vasten.,"site/data/market-values.json (modelReadiness, donorProtocol ja donorCandidates)",2026-07-27,"Ehdokas tulee donor-lukuun vain, kun D1–D10 läpäisevät tarkistuksen; hylätty tai avoin ehto pitää sen luvun ulkopuolella.","Virallisia alarajoja, institutionaalisia vertailuarvoja, toimitusarvoja, veroja, fyysisiä määriä ja malleja ei nimetä täydelliseksi kuluttajavähittäisarvoksi.",Vahvistettu,Tarvitaan vähintään kolme hyväksyttyä donoria sekä alue- ja sääntelytyyppien peitto.
Uuden-Seelannin vuoden 2024 erikoistuneiden sähkötupakkakauppiaiden myynniksi ilmoitettiin vähintään 280 milj. NZD.,Markkinan koko,"Terveysministeriö julkaisee virallisen kuluttajavähittäismyynnin alarajan, joka perustuu vain puutteellisiin erikoistuneiden sähkötupakkakauppiaiden myynteihin. Yleisvähittäiskauppa puuttuu, viereisiä ilmoitusvelvollisia tuotteita sisältyy eikä ministeriö suosittele aineistoa perusteelliseen tutkimukseen.",https://www.health.govt.nz/regulation-legislation/vaping-herbal-smoking-and-smokeless-tobacco/requirements/complete-a-notifiable-product-annual-return/annual-returns-2024,2024,Virallista vähintään-otsikkolukua käytetään suoraan; ei ekstrapolointia eikä muiden palautustyyppien yhteenlaskua.,"Luku on alaraja, ei koko maan sähkötupakkamarkkinan arvo.",Vahvistettu,"Hanki täydellinen valtakunnallinen vain sähkötupakkatuotteita koskeva vähittäiskaupan koonti, GST-perusta ja riippumaton täsmäytys."
"Uuden-Seelannin 29 virallisen vuoden 2024 XLSX-tiedoston 612 765 numeerisen Total sales -solun raakasumma on 280 684 512,81 NZD.",Markkinan koko,"Raakasumma täsmää ministeriön vähintään 280 milj. NZD otsikkolukuun. Aineistossa on 95 144 täsmälleen toistuvaa riviallekirjoitusta; niiden ensimmäisen esiintymän jälkeinen poistaminen antaisi 264 561 055,05 NZD, mutta toistojen merkitystä ei ole vahvistettu.",https://www.health.govt.nz/regulation-legislation/vaping-herbal-smoking-and-smokeless-tobacco/requirements/complete-a-notifiable-product-annual-return/annual-returns-2024 ; source/NZ_2024_ANNUAL_RETURNS_RECONCILIATION.md,2026-07-24,"Kaikkien 29 virallisen XLSX-tiedoston numeeristen Total sales -solujen suora summa; ei deduplikointia, puhdistusta tai ekstrapolointia.","Toistuvat rivit säilytetään raakasummassa, koska niiden liiketoiminnallista merkitystä ei tunneta.",Tuettu,"Raakasumma ei ole puhdistettu kansallinen markkina-arvo. Yleisvähittäiskauppa, puuttuvat ilmoitukset ja GST-käsittely ovat avoimia."
"Uuden-Seelannin vuoden 2024 AIS/AVP-erikoisvähittäiskaupan tunnistettu sähkötupakkasumma on 274 180 410,21 NZD; donor-testi läpäisee 7/10 ehtoa, mutta maa ei ole hyväksytty donor.",Markkinakoko,"Kulutustarvikkeet ovat 189 402 451,96 NZD, laitteet/hardware 84 709 409,85 NZD ja sekajärjestelmät 68 548,40 NZD. Viereiset ilmoitusvelvolliset tuotteet 2 137 085,24 NZD ja ratkaisemattomat tuotetyypit 4 367 017,37 NZD määrällistetään erikseen ja rajataan pois. Havaittu arvo tulee vain AIS/AVP-työkirjoista; Notifier- ja RPS-arvoa ei lisätä.",https://www.health.govt.nz/regulation-legislation/vaping-herbal-smoking-and-smokeless-tobacco/requirements/complete-a-notifiable-product-annual-return/annual-returns-2024 ; https://www.health.govt.nz/regulation-legislation/vaping-herbal-smoking-and-smokeless-tobacco/requirements/complete-a-notifiable-product-annual-return ; https://www.health.govt.nz/system/files/2025-11/notifiable-products-annual-sales-return-2025-user-guide.pdf ; source/NZ_2024_DONOR_CLOSURE_PACK.md ; source/NZ_2024_D8_D10_OFFICIAL_SOURCE_AUDIT.md ; source/NZ_DONOR_FOLLOWUP_PACK_2026-08-07.md ; source/NZ_2024_WORKBOOK_MANIFEST.json ; source/NZ_2024_PRODUCT_SCOPE_AUDIT.json ; scripts/analyze_nz_2024_returns.py,2026-07-31,"189 402 451,96 + 84 709 409,85 + 68 548,40 = 274 180 410,21 NZD. Viereiset ja ratkaisemattomat luokat käsitellään ennen vaping-summaa ja jätetään siitä pois. Kaikkien 29 tiedoston URL:t, koot ja SHA-256-tiivisteet validoidaan ennen aggregointia.",Deterministinen tuoterajaus on julkinen. RPS kerää tuotelajeja ja määriä mutta ei havaittua retail-arvoa. GST-perusta on tuntematon. Stats NZ:n lopullinen 2024 HS10 -kontrolli on tullivaiheen herkkyys eikä riippumaton retail-täsmäytys.,Tuettu,D5 hylätään puuttuvan kansallisen kanavapeiton vuoksi; D8:n GST-perusta ja D10:n riippumaton täsmäytys ovat avoimia. Donor-portti pysyy 0/3:ssa.
Stats NZ:n valittu vuoden 2024 HS10-kontrolli tuottaa 183 370 681 ja 197 070 322 NZD:n nettorajaproxyt; ne eivät ole vähittäismarkkina-arvoja.,Markkinakoko,Valitut tuonnit ovat 189 640 890 NZD tullausarvona ja 203 340 531 NZD CIF-arvona. Valitut viennit ovat 6 270 209 NZD FOB-arvona. Kontrolli käyttää lukittua vuoden 2024 tuotekoodisääntöä.,https://www.stats.govt.nz/large-datasets/csv-files-for-download/overseas-merchandise-trade-datasets/ ; https://www3.stats.govt.nz/HS10_by_Country/2024_Imports_HS10.zip ; https://www3.stats.govt.nz/HS10_by_Country/2024_Exports_HS10.zip ; source/NZ_CA_DE_DONOR_CONTROL_SPRINT_2026-08-02.md,2026-08-02,"189 640 890 − 6 270 209 = 183 370 681 NZD; 203 340 531 − 6 270 209 = 197 070 322 NZD. Ehdokas / proxyt = 1,495224911 ja 1,391282094.","Rajavaihe, tuoterajaus, kotimainen tuotanto, varastot, jälleenvienti, katteet, kanavat, GST ja kuluttajamyynti eivät täsmää vähittäisrajaan.",Vahvistettu,"Suhteet eivät ole kate, korotuskerroin, validointiväli tai markkinahaarukka. D10 pysyy avoinna ja NZ pysyy 7/10 EI HYVÄKSYTTY."
FTC:n virallisista taulukoista johdettu suljettujen järjestelmien ja kertakäyttötuotteiden raportoitu myynti oli 2 763 284 338 USD vuonna 2021.,Markkinakoko,Seitsemän vuoden 2015–2021 sarja on laskettu summaamalla vuosittain cartridge-system- ja disposable-rivit. Vuoden 2020 korjattu taulukko kattaa viisi aiempaa raportoijaa sekä kolme neljästä uudesta; vuosi 2021 kattaa kaikki yhdeksän vastaanottajaa.,https://www.ftc.gov/reports/e-cigarette-report-2015-2018 ; https://www.ftc.gov/reports/e-cigarette-report-2021 ; source/US_FTC_2015_2021_REPORTED_SALES.md,2021,FTC-taulukoiden cartridge systems + disposable e-cigarettes -myynnin vuosittainen summa.,"Raportoijajoukko muuttuu, open-system-tuotteet puuttuvat, taso on valmistajaraportointi ja veroperustaa ei ilmoiteta.",Tuettu,Ei täydellinen kansallinen kuluttajavähittäisarvo eikä hyväksytty donor; tarvitaan avoin POS- tai kuluttajamyyntisarja ja veroperusta.
Saksan tuleva toimittajatesti DE-BLIND-1.0.0 lukittiin ennen tulevan toimituksen pisteytystä; testi on EI PISTEYTETTY.,Markkinakoko / Saksa,Viralliset lopulliset ankkurit ovat 1 241 000 litraa vuonna 2023 ja 1 284 000 litraa vuonna 2024 eli yhteensä 2 525 000 litraa. Ennalta rekisteröidyt rajat ovat 15 % vuodessa ja 10 % yhteensä.,https://genesis.destatis.de/datenbank/online/statistic/73411/table/73411-0003/ ; source/NZ_CA_DE_DONOR_CONTROL_SPRINT_2026-08-02.md,2026-08-02,Vuotuinen poikkeama = |toimittajan litrat / viralliset litrat − 1|; yhteispoikkeama = |toimittajan kahden vuoden summa / 2 525 000 − 1|.,"Numeerinen osuma ei yksin osoita samaa tuotetta, yksikköä, veroperustaa, kanavaa tai tapahtumavaihetta. Rajoja ei soviteta yksityisiin arvoihin.",Vahvistettu,"Testin läpäisy ei hyväksy Saksaa donoriksi eikä valtuuta ostoa, lisenssiä, maksua tai luovutusta. Saksan virallinen retail-arvo pysyy not_computed."
"Julkinen sivusto erottaa kolme evidenssikaistaa ja estää maailman kokonaisarvon, kun hyväksytty donor-portti on 0/3.",Markkinakoko,Viisi ehdokasta on arvioitu samoilla 10 D1–D10-kriteerillä; yksikään ei ole hyväksytty. Lisäksi alue- ja sääntelytyyppien peittoporttien on läpäistävä tarkistus.,site/data/evidence-lanes.json ; site/data/donor-cockpit.json ; site/data/third-donor-screen.json ; site/data/country-scenarios.json,2026-08-02,Fail-closed-portit: puuttuva tai virheellinen syöte tuottaa tilan not_computed eikä nollaa.,Vain tarkistetut julkiset koontitiedot ja menetelmät ovat julkisella kaistalla; lisensoitu ja yksityinen aineisto eivät siirry repositorioon.,Vahvistettu,"Maailmanarvo pysyy laskematta, kunnes vähintään kolme donoria sekä molemmat peittoportit hyväksytään."
"Euroopan komissio julkaisee vuoden 2023 EU:n sähkötupakkamarkkinan 4,99 mrd euron vertailuarvon.",Markkinan koko,"SWD(2026) 111:n fyysisen PDF:n sivun 25 alaviite 83 nimeää seuraavien sivujen taulukoiden lähteeksi Euromonitor International Tobacco 2025 -aineiston; fyysisen sivun 27 taulukko 4 raportoi 4,99 mrd euroa. SWD(2025) 560:n fyysinen sivu 161 kuvaa lähes 5 mrd euron koonnin, joka sisältää laitteet ja nesteet, myös nikotiinittomat; sivu 162 ilmoittaa Kyproksen, Luxemburgin ja Maltan tiedot puuttuviksi.",https://eur-lex.europa.eu/legal-content/EN/TXT/?uri=SWD%3A2025%3A0560%3AFIN ; https://eur-lex.europa.eu/legal-content/EN/TXT/?uri=SWD%3A2026%3A111%3AFIN,2023,"Kahden Euroopan komission valmisteluasiakirjan taulukko-, sivu- ja lähdeviitteiden ristiinvertailu; lukuja ei summata.","Komissio julkaisee vertailuarvon, mutta sen pohjana on kaupallinen Euromonitor-aineisto. Täysi menetelmä, veroperusta ja uudelleenkäytettävä maadata eivät ole julkisia, ja kolmesta EU-maasta ei ole tietoa.",Tuettu,"Hanki lisensoitu maataulukko ja menetelmä, tapahtumamääritelmä, kanavapeitto, veroperusta sekä riippumaton täsmäytys; täydennä Kypros, Luxemburg ja Malta."
"Kanadan virallinen vuoden 2024 kuluttajavähittäismyynnin piste-estimaatti on 1 219 160 000 CAD eli 822 583 715,21 EUR; donor-testi läpäisee 7/10 ehtoa.",Markkinakoko,"Neljän kvartaalin summa on 1 219 160 000 CAD; 12 kuukauden samaan kyselyyn perustuva summa on 1 219 161 000 CAD. Health Canadan vuoden 2024 valmistaja-/maahantuojatoimitusten nettoarvo on 1 160 753 796,78 CAD.",https://www150.statcan.gc.ca/t1/tbl1/en/tv.action?pid=2010007101 ; https://www150.statcan.gc.ca/t1/tbl1/en/tv.action?pid=2010008001 ; https://health-infobase.canada.ca/substance-use/vaping/sales/ ; source/CANADA_2024_DONOR_CLOSURE_PACK.md ; source/CANADA_RCS_TAX_BASIS_CLARIFICATION_2026-07-29.md ; source/CANADA_RCS_SCOPE_QUALITY_CLARIFICATION_2026-07-30.md ; source/CANADA_2024_D5_D7_D10_OFFICIAL_SOURCE_AUDIT.md,2026-07-31,"Kuukausi − kvartaali = 1 000 CAD (0,000082 %). Retail − toimitukset = 58 406 203,22 CAD; retail / toimitukset − 1 = 5,031748 %. ECB 2024: 1 219 160 000 / 1,482110546875 = 822 583 715,21 EUR.","D8 läpäisee: tarkistetuille kvartaali-, kuukausi- ja arkistotaulukoille on vahvistettu CAD, GST/HST/PST/QST-verojen poissulku sekä hintaan upotettujen lisäverojen mukanaolo. Lisäveroihin voivat kuulua liittovaltion, lisä- ja provinssien vaping-verot. Kuukausireitti on saman kyselyn QA, ei D10.",Tuettu,"D5 hylättiin, koska NAICS 459999 -erikoiskauppa jää vahvistetun kohdejoukon 441100–459993 ulkopuolelle; kehikkoon kuuluva verkkomyynti ei kata pois rajattuja erikois-, ulkomaisia suora- tai rajakauppakanavia. D7 hylättiin, koska täsmälliset NAPCS 5619122 -vastaus-, imputointi-, CV-, keskivirhe-, luottamusväli- ja kovarianssimittarit puuttuvat. D10 on avoin; Kanada ei ole hyväksytty donor."
"Health Canadan neljä vuoden 2024 tuoteryhmää summautuvat 1 160 753 796,78 CAD:n nettotoimitusarvoon, 118 901 910 yksikköön ja 1 251 843 litraan.",Markkinakoko,"Arvo-osuudet ovat: laite tai osa ilman ainetta 2,602 %, aineen sisältävä laite 48,154 %, aineen sisältävä osa 27,252 % ja höyrystettävä aine 21,992 %. Kyse on toimituksista tukku- tai vähittäismyyjille, ei kuluttajaostoista.",https://health-infobase.canada.ca/substance-use/vaping/sales/ ; https://laws-lois.justice.gc.ca/eng/regulations/SOR-2023-123/FullText.html ; source/CANADA_2024_DONOR_CLOSURE_PACK.md,2026-07-25,"30 207 822,87 + 558 947 200,26 + 316 329 158,83 + 255 269 614,82 = 1 160 753 796,78 CAD; osuudet lasketaan tästä summasta.",Nettomyynti on myynti vähennettynä palautuksilla ja arvot ilmoitetaan ilman veroja ja maksuja. Nestettä sisältävä laite tai osa yhdistää laite- ja neste-arvoa.,Vahvistettu,Toimitusosuuksia ei saa soveltaa retail-arvoon laite–neste-jaoksi eikä eri tapahtumatasoja summata.
Saksan verotettu nestemäärä kasvoi 1.241 milj. l:sta 1.518 milj. l:aan vuosina 2023–2025.,Markkinan koko,2023 ja 2024 lopullisia; 2025 alustava.,https://genesis.destatis.de/datenbank/online/statistic/73411/table/73411-0003,2023–2025,"Destatis-taulukon nettomäärät, ei ekstrapolointia.","Mittaa verotettua nestettä, ei laitteita tai laitonta myyntiä.",Vahvistettu,Vuoden 2025 lopullinen luku ja vähittäismyyntitiedot puuttuvat.
Saksan tupakankorvikkeiden valmisteverotulot olivat 404 milj. euroa vuonna 2025 (alustava).,Markkinan koko,Alustavat viralliset kassaperusteiset valmisteverotulot. Verotulo ei ole myyntituloa eikä vähittäismarkkina-arvoa.,https://genesis.destatis.de/datenbank/online/statistic/73411/table/73411-0003,2025,Virallinen kassaperusteinen verohavainto.,Verotulo ei ole myyntitulo tai vähittäismarkkina-arvo.,Vahvistettu,Tarvitaan lopullinen 2025 tilasto ja tuoteryhmäkohtainen veropohja.
"Suomessa verotettiin 11 801,062 litraa nikotiininestettä vuonna 2025.",Markkinan koko,Virallinen koko vuoden nikotiinillisen sähkösavukenesteen määrä. Nikotiinittoman nesteen koko vuoden arvo on salattu; fyysinen määrä ei sisällä laitteita eikä ole vähittäismarkkina-arvo.,https://vero2.stat.fi/PXWeb/api/v1/en/Vero/Valmistevero/vvt_010.px,2025,Verohallinnon PXWeb-havainto.,Verotettu nikotiinineste ei kata koko sähkötupakkamarkkinaa.,Vahvistettu,"Laitteet, nikotiinittomat tuotteet, veroton ja laiton kauppa puuttuvat."
Suomen nikotiininesteiden valmisteverotulot olivat 3 540 319 euroa vuonna 2025.,Markkinan koko,Viralliset koko vuoden nikotiinillisen sähkösavukenesteen valmisteverotulot. Nikotiinittoman nesteen koko vuoden arvo on salattu; verotulo ei ole myyntituloa eikä vähittäismarkkina-arvoa.,https://vero2.stat.fi/PXWeb/api/v1/en/Vero/Valmistevero/vvt_010.px,2025,Verohallinnon PXWeb-havainto.,Verotulo ei ole kuluttajamyynti.,Vahvistettu,Tarvitaan vähittäismyynti- ja hintadata.
"Puolan virallinen sähkötupakkanesteiden virta oli 1 451 529 litraa vuonna 2020, 277 265 litraa vuonna 2021, 416 088 litraa vuonna 2022 ja 805 441 litraa vuonna 2023.",Markkinakoko,"Ministeriön parlamenttivastauksen taulukko yhdistää ZEFIR2/AIS-järjestelmiin kirjatut kotimaan myynnit, EU-sisäiset hankinnat ja tuonnin. Sarja on fyysinen e-nestevirta, ei kuluttajamyynti tai havaittu vähittäismarkkina-arvo.",https://api.sejm.gov.pl/sejm/term10/interpellations/attachment/ATTDDEJZ5/i07255-o1.pdf,2020–2023,Neljän virallisen vuosihavainnon suora toisto; eri vuosia ei summata markkina-arvoksi.,"Julkaistu taulukko ei erittele kotimaan myyntiä, EU-sisäisiä hankintoja ja tuontia eikä sisällä laitteiden arvoa.",Vahvistettu,"Tarvitaan kuluttajavähittäisarvo, kanavapeitto, veroperusta ja riippumaton täsmäytys."
Puolan vuoden 2025 verosilta antaa 4 382 500 johdettua verollista laajan höyrystyslaiteryhmän yksikköä ja 62 500 johdettua verollista osasarjaa; luvut eivät ole sähkötupakkakohtaisia.,Markkinakoko,"Virallinen parlamenttivastaus raportoi 993,1 milj. PLN e-nesteistä, 175,3 milj. PLN laajasta laiteryhmästä ja 2,5 milj. PLN osasarjoista. Lakisääteinen ryhmä sisältää uudelleentäytettävät sähkötupakat, kuumennettavan tupakan lämmittimet ja monitoimilaitteet. Vero oli 40 PLN yksiköltä 1.7.2025 alkaen.",https://api.sejm.gov.pl/sejm/term10/interpellations/attachment/ATTDVKHSJ/i17526-o1.pdf ; https://www.podatki.gov.pl/akcyza/stawki-podatkowe/ ; https://www.podatki.gov.pl/akcyza/komunikaty-w-zakresie-podatku-akcyzowego ; https://api.sejm.gov.pl/eli/acts/DU/2025/698/text.pdf ; source/POLAND_D1_D10_PREASSESSMENT_2026-07-31.md,2026-07-31,175 300 000 / 40 = 4 382 500 laajan ryhmän verollista yksikköä; 2 500 000 / 40 = 62 500 verollista osasarjaa.,"Johdettu veropohja kattaa vain 1.7.2025 alkaen verotetut laitteet ja osasarjat. AKC-4/R vaatii laitetyypin erittelyn, mutta nykyinen julkinen koonti ei julkaise sitä. Luvut eivät osoita kuluttajahintaa, vähittäismyyntiä tai e-savukekohtaista määrää.",Vahvistettu,"Tarvitaan AKC-4/R:n e-savuke–lämmitin–monitoimilaitejako, veron kuukausijakauma, vähittäishinnat, kanavapeitto ja riippumaton täsmäytys. Puolalle ei anneta donor-pistemäärää ilman maa–vuosi retail-arvoa."
Ruotsin julkinen evidenssi yhdistää vuoden 2024 veroankkurin ja 36 virallista FHM-rekisterirakenteen lukua vuosilta 2018–2026; rekisteriluvut eivät ole myyntiä tai markkina-arvoa.,Markkinakoko,"Vuonna 2024 verotettiin 26 000 litraa nikotiininestettä ja valmisteverotulo oli pyöristetysti 80 000 000 SEK. Viranomaisen toimittamassa ja 24.7.2026 tarkistetussa työkirjassa on 9 vuosilabelia × 4 rakennemittaria: raportoivat toimijat sekä ilmoitetut, aktiiviset ja markkinoilta poistetut tuotteet. Julkinen FHM-sivu dokumentoi ilmoitusjärjestelmän, ei siinä julkaistua numeerista sarjaa.",https://www.regeringen.se/contentassets/1ed01e00001b42e5ad8d47433db63ece/berakningskonventioner_2026.pdf ; https://www.folkhalsomyndigheten.se/regler-och-tillsyn/tobak-och-nikotinprodukter-regler-for-tillverkning-handel-och-hantering/elektroniska-cigaretter-och-pafyllningsbehallare-sa-foljer-du-reglerna/ ; site/data/market-values.json,2026-07-24,"36 = 9 vuotta (2018–2026) × 4 rekisterirakenteen mittaria. Veroankkuri, 98 markkinamittaria ja 36 rakennelukua pidetään erillään.","Rakenneluvuista ei päätellä myyntiarvoa, myyntimäärää tai markkinaosuutta. Vuosien 2018–2025 luvut ovat viranomaisen vuosilabeleita, eivät oletettuja vuosivirtoja tai vuoden lopun tilannekuvia. Vuosi 2026 on tarkistushetken tilannekuva eikä sitä vuositasoiteta.",Vahvistettu,"Tarvitaan toteutunut kuluttajamyynti EUR-määräisenä, laitekappaleet ja ml-määrät sekä julkisesti uudelleenkäytettävä numeerinen FHM-sarja."
"Kolme kaupallista vuoden 2025 globaaliarviota muodostavat 26,0–46,32 mrd USD haarukan.",Markkinan koko,"IMARC 26,0; Grand View Research 45,7; Fortune Business Insights 46,32 mrd USD.",https://www.imarcgroup.com/e-cigarette-market ; https://www.grandviewresearch.com/industry-analysis/e-cigarette-vaping-market ; https://www.fortunebusinessinsights.com/e-cigarette-and-vaping-market-114882,2025,"Minimi 26000000000, maksimi 46320000000; arvioita verrataan, ei summata.",Tuoterajaukset ja menetelmät eivät välttämättä ole yhteismitallisia.,Tuettu,Hanki raporttien täydet metodit ja harmonisoi tuoterajaus.
"Saksan vuoden 2025 verotetun nesteen vähittäismyyntivastaavuuden mallihaitari on 667,92–1 654,62 milj. euroa.",Taloudellinen malli,"Ei havaittua myyntiä. Laskelma kertoo vuoden 2025 alustavan verotetun nestemäärän kolmella yksittäisellä saksalaisen verkkokaupan vuoden 2026 hinnalla. Vuosiero, yhden kaupan hintakori, tuotejakauma ja pois rajatut tuoteryhmät tekevät luottamustasosta matalan.",https://genesis.destatis.de/datenbank/online/statistic/73411/table/73411-0003 ; https://www.intaste.de/pfefferminz-liquid-germanflavours-liquid ; https://www.intaste.de/anstand-liquid-samurai-liquid ; https://www.intaste.de/tobacco-vanilla-nikotinsalz-revoltage-liquid,2025 määrä / 2026 hinnat,volume_litres * 1000 * retail_price_eur_per_ml,Kolme yksittäistä verkkokauppahintaa; syötevuodet 2025 ja 2026; vain verotettu neste.,Oletus,"Tarvitaan edustava hintakori, tuotemix ja kanavamarginaalit sekä mallivuoden 2025 hinnat."
Atlas ei ole vielä lainanantajavalmis markkina-arvio.,Rahoitusteesi,research_dataset_not_valuation: Useimmista maista puuttuu virallinen vuosittainen laite- ja nestemyynti Markkinaevidenssiä ei ole vielä sidottu maakohtaiseen patenttistatukseen ja claim charteihin Aineisto ei sisällä riippumatonta IVS-arvonmääritystä eikä realisoitunutta lisenssi- tai vahingonkorvauskassavirtaa,site/data/atlas.json (readiness),2026-07-24,Julkisen datasetin oma readiness-luokitus.,Markkinadata ja IP-arvo pidetään erillään.,Vahvistettu,Täytä blocker-lista ennen vakuusarvo- tai yritysarvopäätelmää.
Julkinen aineisto ei sisällä riippumatonta IVS-arvonmääritystä.,Taloudellinen malli,Readiness-blocker ilmoittaa riippumattoman arvonmäärityksen puuttuvan.,site/data/atlas.json (readiness.blockers),2026-07-24,Aineiston puute.,Ei oletuksia.,Puuttuu,Tilaa riippumaton IP- ja tarvittaessa yritysarvonmääritys skenaarioineen.
Julkinen aineisto ei osoita toteutunutta lisenssi- tai vahingonkorvauskassavirtaa.,Kaupallistamismalli,Readiness-blocker ilmoittaa realisoituneen kassavirran puuttuvan.,site/data/atlas.json (readiness.blockers),2026-07-24,Aineiston puute.,Ei oletuksia.,Puuttuu,"Lisää allekirjoitetut sopimukset, laskut, maksutositteet ja saamisten täsmäytys."
Julkinen aineisto ei vahvista testituloksia tai riippumatonta teknistä validointia.,Tekninen erottautuminen,Patenttiselitys kuvaa ratkaisun; erillistä testirekisteriä ei ole julkisessa datassa.,site/data/patent-history.json,2026-07-24,Aineiston puute suhteessa tekniseen suorituskykyväitteeseen.,Patenttijulkaisu ei ole tuotetestiraportti.,Puuttuu,"Hanki testiprotokolla, riippumaton laboratorio, tulokset ja raakadata."
Julkinen aineisto ei vahvista piloteja tai nimettyä asiakasnäyttöä.,Validointi,Julkisessa evidenssirekisterissä ei ole pilotti- tai asiakasvalidointia.,site/data/evidence.csv,2026-07-24,Aineiston puute.,Ei päätellä asiakkaiden olemassaoloa tai puuttumista yhtiötasolla.,Puuttuu,"Lisää allekirjoitetut pilotit, toimitusnäyttö, asiakasreferenssit ja käyttödata."
"Julkinen aineisto ei vahvista nykyistä maakohtaista omistusta, vuosimaksuja ja rasitteettomuutta koko perheessä.",IP-status,Perhejulkaisut eivät yksin osoita kansallista post-grant-tilaa.,https://register.epo.org/application?number=EP14836345&lng=en&tab=family ; https://register.epo.org/application?number=EP14836345&lng=en&tab=legal ; https://www.epo.org/en/applying/european/validation,2026-07-24,Diligence-rajaus.,Neljä kansallista rekisterijurisdiktiota ei kata koko perhettä.,Puuttuu,Laadi asiamiehen allekirjoittama maamatriisi ja liitä tuoreet rekisteriotteet sekä maksukuitit.
Julkinen aineisto ei sisällä maakohtaisia tuote–vaatimusvertailuja.,Tekninen erottautuminen,Patenttihistorian guardrail edellyttää counsel-reviewed claim chartia.,https://data.epo.org/publication-server/rest/v1.2/patents/EP3032975NWB2/document.pdf ; https://www.gesetze-bayern.de/Content/Document/Y-300-Z-BECKRS-B-2026-N-14206,2026-07-24,Vaatimuspiirteiden tuotekohtainen kartoitus puuttuu.,Samankaltaisuus ei ole loukkaus.,Puuttuu,"Hanki tuotteet, säilytä hallussapitoketju, tee teardown ja asiamiehen tarkastama claim chart."
Markkinan kokonaisarvo ei ole automaattisesti rojaltipohja.,Taloudellinen malli,"Patenttihistorian kaupallistamisrajaus erottaa markkinan, kohdistettavan myynnin ja kassavirran.",https://www.wipo.int/en/web/business/ip-valuation,2026-07-24,Arvonmäärityksen perusrajaus.,"Rojaltipohja vaatii patentin maantieteellisen, ajallisen ja tuotekohtaisen osuvuuden.",Vahvistettu,Tarvitaan addressable/in-scope/claim-mapped sales -silta.
"Patenttiarvo, yritysarvo, osakearvo ja vakuusarvo ovat eri mittareita.",Rahoitusteesi,WIPO:n IP-arvonmääritys- ja rahoituskehys sekä aineiston oma guardrail.,https://www.wipo.int/en/web/business/ip-valuation ; https://www.wipo.int/en/web/ip-financing,2026-07-24,Arvokäsitteiden erottelu.,Ei oletuksia.,Vahvistettu,Rahoitusrakenne ja vakuusarvo vaativat erillisen oikeudellisen ja taloudellisen analyysin.
Asiantuntijavetoinen rajattu lisensointi- tai sovintopilotti on mahdollinen kaupallistamishypoteesi.,Kaupallistamismalli,"Patenttihistorian vaiheistus suosittelee kovia portteja, claim chartia ja auditoitavaa yhteydenottoa.",https://www.wipo.int/ja/web/business/assignment-licensing ; https://www.wipo.int/en/web/business/settle-ip-disputes ; https://www.epo.org/en/searching-for-patents/business/ipscore,2026-07-24,"Hypoteesi, ei toteutunut kaupallinen näyttö.",Kohdemaat ja vastapuolet valitaan vasta oikeus- ja evidenssiporttien jälkeen.,Oletus,"Hyväksytä pilottimalli johdolla ja patenttiasiantuntijalla; dokumentoi kustannus, vasteet ja termit."
Patenttivakuudellinen rahoitus on arvioitava vain vahvistettujen oikeuksien ja kassavirtojen pohjalta.,Rahoitusteesi,WIPO IP Finance ja patenttihistorian vaihe 5.,https://www.wipo.int/en/web/ip-financing ; https://www.wipo.int/en/web/business/ip-valuation,2026-07-24,Rahoitusperiaate.,Ei näyttöä olemassa olevasta vakuusarvosta.,Tuettu,"Tarvitaan riippumaton arvonmääritys, oikeuksien due diligence, toteutuneet tai sopimuspohjaiset kassavirrat ja downside-analyysi."
Australian oikeuden seuraava uusiminen on vahvistettava välittömästi.,Riskit,"IP Australian API näyttää GRANTED-tilan, viimeisen uusimismaksun 18.7.2025 ja in-force date -päivän 14.8.2026.",https://production.api.ipaustralia.gov.au/public/ipright-search-api/v1/patents/2014307829,2026-08-14,Virallisen API-tiedon diligence-hälytys.,API:n in-force-through-päivä ei ole tässä lakisääteinen eräpäiväväite.,Vahvistettu,"Patenttihallinto ja Australian asiamies: vahvistakaa lakisääteinen maksupäivä, summa, maksuvaltuus ja suoritettu maksu; arkistoikaa kuitti ja tuore rekisteriote."
Suomen 14. vuosimaksun eräpäiväksi on rekisteröity 31.8.2026.,Riskit,PRH kirjaa 14. vuoden 670 euron maksun eräpäiväksi 31.8.2026 ja myöhäisen maksukauden päättymispäiväksi 28.2.2027.,https://patenttitietopalvelu.prh.fi/en/patent/20135829,2026-08-31,PRH:n rekisterihavainto.,Tavoite on maksaa normaalina eräpäivänä.,Vahvistettu,Patenttihallinto: maksakaa ennen normaalia eräpäivää ja säilyttäkää maksukuitti sekä päivitetty PRH-ote.
"Yhdysvaltain 7,5 vuoden ylläpitomaksun tila on vahvistettava.",Riskit,USPTO:n ylläpitomaksureitti näyttää normaalimaksuikkunan päättyvän 4.12.2026; maksutilaa ei vahvistettu riippumattomasti tässä julkaisussa.,https://fees.uspto.gov/MaintenanceFees/fees/details?patentNumber=10306923 ; https://patentcenter.uspto.gov/applications/14911851 ; https://assignment.uspto.gov/patent/index.html#/patent/search/resultFilter?searchInput=10306923,2026-12-04,Virallisen maksuikkunan tarkistus.,"Julkaisu ei väitä, että maksu on tai ei ole suoritettu.",Vahvistettu,"Yhdysvaltain patenttiasiamies: vahvistakaa entity status, summa ja maksu sekä arkistoikaa virallinen kuitti ja tuoreet ylläpito- ja siirtotiedot."
Julkinen aineisto ei sisällä auditoituja historiallisia tilinpäätöksiä tai kassavirtaennustetta.,Taloudellinen malli,Markkina- ja patenttiaineisto ei ole yhtiön talousaineisto.,Julkisen paketin rajaus,2026-07-24,Aineiston puute.,Yhtiön taloudellisesta tilanteesta ei tehdä päätelmää.,Puuttuu,"Lisää 3–5 vuoden tilinpäätökset, tuore pääkirja, budjetti, kassavirta, velat ja verovelkatodistus."
"Julkinen aineisto ei yksilöi rahoitustarvetta, käyttötarkoitusta tai takaisinmaksulähdettä.",Rahoitusteesi,Rahoitusparametreja ei ole markkina- tai patenttidatassa.,Julkisen paketin rajaus,2026-07-24,Aineiston puute.,"Ei oleteta lainamäärää, maturiteettia tai vakuusrakennetta.",Puuttuu,"Määritä lainamäärä, käyttötarkoitus, maturiteetti, lyhennysprofiili, takaisinmaksu ja kovenantit."
"Julkinen aineisto ei osoita osakekantaa, cap tablea tai osakkeiden rasitteita.",Rahoitusteesi,Julkinen paketti on rajattu markkina- ja patenttievidenssiin.,Julkisen paketin rajaus,2026-07-24,Aineiston puute.,Ei oleteta omistusosuuksia tai vakuuskelpoisuutta.,Puuttuu,"Toimita varmennettu osakasluettelo, yhtiöjärjestys, päätökset, panttaus- ja rasiteselvitys suljettuun datahuoneeseen."
Julkinen aineisto ei sisällä vertailukelpoista kilpailija- ja vaihtoehtoanalyysiä.,Kilpailu,Patenttiselitys ja oikeustapaukset eivät yksin muodosta markkinakilpailukarttaa.,site/data/patent-history.json,2026-07-24,Aineiston puute.,Kilpailu on erotettava patenttien päällekkäisyydestä ja ei-patentoiduista vaihtoehdoista.,Puuttuu,"Laadi tuotteet, valmistajat, vaihtoehtoiset teknologiat, patenttiperheet, hinnat ja claim-map-status kattava vertailu."
"Asiakassegmentit voidaan alustavasti jäsentää valmistajiin, teknologiatoimittajiin ja IP-rahoittajiin.",Asiakkaat,"Patenttihistorian kaupallistamisreitit sisältävät lisensoinnin, luovutuksen ja IP-rahoituksen.",https://www.wipo.int/ja/web/business/assignment-licensing ; https://www.wipo.int/en/web/ip-financing,2026-07-24,Segmentointihypoteesi kaupallistamisreiteistä.,Ei todennettua ostoaikomusta tai asiakaskantaa.,Oletus,Validoi 10–15 strukturoitua ostaja- ja rahoittajahaastattelua sekä dokumentoi päätöskriteerit.
"Saksan ratkaisut voivat toimia evidenssiankkurina, mutta eivät maailmanlaajuisena loukkausratkaisuna.",Rahoitusteesi,"Ratkaisut ovat kansallisia, tuote-, osapuoli- ja ajanjaksokohtaisia.",https://www.rechtsprechung-im-internet.de/jportal/?quelle=jlink&docid=JURE269032275&psml=bsjrsprod.psml ; https://www.gesetze-bayern.de/Content/Document/Y-300-Z-BECKRS-B-2026-N-14206,2026-07-24,Oikeudellisen vaikutuksen alueellinen rajaus.,Muiden maiden tulokset riippuvat paikallisista oikeuksista ja tuotteista.,Vahvistettu,Laadi maakohtaiset oikeus- ja claim chart -paketit ennen yhteydenottoja.
"Aineiston A-luokan maita on viisi, mutta 158 maata on D-luokassa.",Markkinan koko,"Luokat: A 5, B 13, C 19, D 158.",site/data/atlas.json (summary.gradeCounts),2026-07-24,Maakohtaisten evidenssiluokkien laskenta.,"Luokka mittaa evidenssikypsyyttä, ei markkinan houkuttelevuutta.",Vahvistettu,"Priorisoi D-maiden tietopyynnöt talouskoon, patenttistatuksen ja sääntelyn mukaan."
Maailmanlaajuista atlasestimaattia ei ole hyväksytty julkaistavaksi.,Markkinakoko,"Nolla hyväksyttyä donoria alittaa kolmen vähimmäisrajan. Uuden-Seelannin, EU:n, Kanadan, Saksan ja Yhdysvaltain 5 julkaistulla ehdokkaalla on jokaisella vähintään yksi hylätty tai avoin D1–D10-ehto; myös alue- ja sääntelytyyppien peittoportit puuttuvat.","site/data/market-values.json (modelReadiness, donorProtocol ja donorCandidates)",2026-07-27,"Kova portti: jokaisen donorin on läpäistävä D1–D10, ja lisäksi tarvitaan vähintään kolme yhteensopivaa donoria sekä molemmat peittoportit.","Viralliset alarajat ja ulkoiset vertailuarvot säilyvät ristiintarkistuksina, mutta niitä ei lasketa hyväksytyiksi donoreiksi.",Vahvistettu,Älä julkaise yhtä maailmanarvoa ennen menetelmäporttien läpäisyä.
Korkean luottamuksen rahoituspaketti vaatii suljetun datahuoneen julkisen paketin rinnalle.,Seuraavat vaiheet,"Julkinen paketti osoittaa lähteet ja puutteet mutta ei sisällä luottamuksellista talous-, sopimus- tai omistusaineistoa.",Julkisen paketin rajaus,2026-07-24,Diligence-arkkitehtuurin suositus.,Pääsy rajataan ja lokitetaan.,Tuettu,"Perusta indeksoitu datahuone: Corporate, IP, Legal, Commercial, Finance, Valuation, Security."
